,total_intracranial_volume,unknown,left_cerebral_white_matter,left_lateral_ventricle,left_inf_lat_vent,left_cerebellum_white_matter,left_cerebellum_cortex,left_thalamus,left_caudate,left_putamen,left_pallidum,3rd_ventricle,4th_ventricle,brain_stem,left_hippocampus,left_amygdala,csf,left_accumbens_area,left_ventraldc,right_cerebral_white_matter,right_lateral_ventricle,right_inf_lat_vent,right_cerebellum_white_matter,right_cerebellum_cortex,right_thalamus,right_caudate,right_putamen,right_pallidum,right_hippocampus,right_amygdala,right_accumbens_area,right_ventraldc,ctx_lh_caudalanteriorcingulate,ctx_lh_caudalmiddlefrontal,ctx_lh_cuneus,ctx_lh_entorhinal,ctx_lh_fusiform,ctx_lh_inferiorparietal,ctx_lh_inferiortemporal,ctx_lh_isthmuscingulate,ctx_lh_lateraloccipital,ctx_lh_lateralorbitofrontal,ctx_lh_lingual,ctx_lh_medialorbitofrontal,ctx_lh_middletemporal,ctx_lh_parahippocampal,ctx_lh_paracentral,ctx_lh_parsopercularis,ctx_lh_parsorbitalis,ctx_lh_parstriangularis,ctx_lh_pericalcarine,ctx_lh_postcentral,ctx_lh_posteriorcingulate,ctx_lh_precentral,ctx_lh_precuneus,ctx_lh_rostralanteriorcingulate,ctx_lh_rostralmiddlefrontal,ctx_lh_superiorfrontal,ctx_lh_superiorparietal,ctx_lh_superiortemporal,ctx_lh_supramarginal,ctx_lh_transversetemporal,ctx_lh_insula,ctx_rh_caudalanteriorcingulate,ctx_rh_caudalmiddlefrontal,ctx_rh_cuneus,ctx_rh_entorhinal,ctx_rh_fusiform,ctx_rh_inferiorparietal,ctx_rh_inferiortemporal,ctx_rh_isthmuscingulate,ctx_rh_lateraloccipital,ctx_rh_lateralorbitofrontal,ctx_rh_lingual,ctx_rh_medialorbitofrontal,ctx_rh_middletemporal,ctx_rh_parahippocampal,ctx_rh_paracentral,ctx_rh_parsopercularis,ctx_rh_parsorbitalis,ctx_rh_parstriangularis,ctx_rh_pericalcarine,ctx_rh_postcentral,ctx_rh_posteriorcingulate,ctx_rh_precentral,ctx_rh_precuneus,ctx_rh_rostralanteriorcingulate,ctx_rh_rostralmiddlefrontal,ctx_rh_superiorfrontal,ctx_rh_superiorparietal,ctx_rh_superiortemporal,ctx_rh_supramarginal,ctx_rh_transversetemporal,ctx_rh_insula,intracranial_without_tissue,left_wm_hypointensities,right_wm_hypointensities,left_cingulate,right_cingulate,left_frontal,right_frontal,left_temporal,right_temporal,left_parietal,right_parietal,left_occipital,right_occipital,left_insula,right_insula,left_cerebellum,right_cerebellum,left_combined_cerebral_wm,right_combined_cerebral_wm,left_total_lateral_ventricle,right_total_lateral_ventricle,left_cortical_gm,right_cortical_gm,whole_brain,cortical_gm,combined_cerebral_wm,frontal,temporal,parietal,occipital,insula,thalamus,caudate,putamen,pallidum,hippocampus,amygdala,accumbens_area,ventraldc,cingulate,cerebellum,cerebellum_white_matter,cerebellum_cortex,lateral_ventricle,inf_lat_vent,total_lateral_ventricle,wm_hypointensities,HippocampusOccupancyScore,HippocampusAsymmetryIndex,subject
51,1560700.341264292,15255867.127582366,185412.7565273184,29022.257517261645,2249.0508850966708,12327.419370195876,52951.30829473368,6850.052650032883,3946.2147983890804,4627.069763604406,2027.4728964170233,3373.7478276362444,2298.442882573249,21753.40188862528,3500.314821169975,1335.984931744934,1595.2929184969676,413.657978866339,3962.335797565463,186744.28245929113,29398.87149802055,1992.4868982044475,11948.06138957716,54019.0672401822,6702.562657568103,4277.552781461123,4680.234760888223,2037.0768959263578,3641.97381393266,1676.5839143438352,482.94397532653846,3829.5948043471603,2903.4948516613267,4970.0697460806405,2694.9508623157762,1604.8969180063023,6402.094672918921,9954.888491407759,9834.838497541077,2780.700857934835,8876.839546484955,6533.806666189795,5501.376718936328,3865.266802524689,11933.312390330682,1803.8369078425183,3862.8658026473554,3214.5958357672716,1761.304910015465,2697.694862175586,1081.1359447650918,10499.915463562496,2608.1718667492887,10660.782455343851,8813.38454972685,3497.9138212926414,8391.151571298606,20812.55293669297,10578.80545953203,12483.827362205038,8756.446552635796,689.772964759708,5474.965720285658,2289.5248830288665,6431.935671394353,3231.402834908607,1481.0739243323815,6580.1116638240865,12876.905342122804,9160.843531975277,2303.9308822928683,9644.473507266768,6513.226667241221,5326.789727855925,3784.3188066602975,11726.140400915036,1598.7229183217298,3848.459803383353,2707.2988616849207,1607.2979178836358,2913.4418511531376,1362.3959303956042,8257.72457811535,2681.573862999203,11193.118428146967,9149.181532571085,2028.501896364452,8244.690578781254,22563.910847216623,10471.103465034494,11539.548410447964,8063.243588051325,529.9349729257826,5542.879716815953,498924.34451010625,11370.449419087181,10128.103482558257,11790.281397638091,9303.53152468539,66770.09158873622,69807.69943354576,49588.87946651915,47934.933551018745,48603.44051686493,48818.15850589506,18154.303072502153,19565.062000426904,5474.965720285658,5542.879716815953,65278.72766492955,65967.12862975936,196783.20594640556,196872.38594184938,31271.308402358314,31391.358396224998,200381.9617625462,200972.2647323878,991845.8463268959,401354.226494934,393655.591888255,136577.79102228198,97523.8130175379,97421.59902276,37719.36507292905,11017.84543710161,13552.615307600987,8223.767579850204,9307.304524492629,4064.5497923433813,7142.288635102635,3012.5688460887695,896.6019541928774,7791.930601912623,21093.81292232348,131245.8562946889,24275.480759773036,106970.37553491589,58421.1290152822,4241.537783301118,62662.66679858331,21498.55290164544,0.6275962170881856,0.01983383758344141,OAS2_0005_MR1_mpr-4
106,1359833.7205265067,15456733.748320151,168206.50540638054,14703.037248826276,912.3799533867843,11404.749417334804,50230.28943374971,6137.298686447268,2961.118848717334,3833.024804171923,1685.5019138882174,1361.3669304481755,1699.564913169743,18701.388044551746,2675.0568633321545,1088.3389443970927,1290.7089340580712,438.0109776221517,3277.0218325779465,163224.43066091323,17671.70209715809,1507.8279229655277,10754.76445054234,51084.35939011554,5625.885712575202,3045.839844388964,3402.216826181772,1800.0639080352796,2521.049871200325,952.5109513365038,441.7839774293903,3116.4978407790686,2863.7068536940833,5484.569719794993,3234.8328347333695,977.5499500572689,6602.406662685042,7847.496599073774,9288.439525456435,1810.3539075095669,8551.332563115007,6342.412675968056,5444.78172182775,3319.896830387476,10119.528482996353,1317.8059326736936,3674.9018122503785,4330.031778779987,1184.3789394904384,3582.2918169817954,1700.5939131171717,9454.451516974934,3059.90284367049,10618.593457499273,6333.151676441197,3083.9128424438263,7637.580609798318,20921.96993110289,7560.748613723641,13430.507313839445,8008.020590872651,1233.4279369845399,5558.6577160098595,2358.1248795241136,5469.820720548515,2648.3028646990083,814.9679583635336,5973.344694823627,9587.878510158189,8899.820545310862,1657.7189153076422,7675.9966078356565,6533.463666207319,4950.175747097019,3614.190815352085,9656.135506670958,1156.9389408923396,3856.3488029803066,3732.525809306386,2055.2558949975983,2696.665862228157,1868.3209045480505,9500.756514609226,2645.215864856722,11212.326427165635,6265.923679875856,1801.0929079827083,7780.611602490908,20972.73392850937,7509.298616352206,11564.244409186253,6803.061652433639,680.8549652153259,5406.022723807935,438530.9655955857,1803.8369078425183,1818.24290710652,10817.876447317965,8462.152567671186,67096.6275720536,67923.94352978628,46733.06161242202,42219.86784299973,39203.868997086196,39666.918973429114,18931.5410327933,17142.796124179735,5558.6577160098595,5406.022723807935,61635.038851084515,61839.12384065788,170010.34231422306,165042.67356801976,15615.41720221306,19179.530020123617,188341.63337768294,180821.70176187396,882156.1669309083,369163.3351395569,335053.0158822428,135020.5711018399,88952.92945542175,78870.78797051532,36074.33715697304,10964.680439817796,11763.18439902247,6006.958693106299,7235.241630353695,3485.565821923497,5196.106734532479,2040.8498957335964,879.794955051542,6393.519673357016,19280.02901498915,123474.16269174239,22159.513867877144,101314.64882386525,32374.739345984366,2420.2078763523123,34794.947222336676,3622.0798149490383,0.6857092585031215,0.02963892006073011,OAS2_0007_MR1_mpr-4
358,1292370.7689731685,15524196.699873488,168408.87539604152,25102.11071754076,1634.051916516782,9633.840507810004,43079.082799102696,5418.027723194603,3585.035816841605,4283.726781145695,1575.398919513346,1735.9229113122237,1723.9179119255557,16302.789167095436,2474.401873583557,972.4049503201254,984.4099497067936,374.8989808465245,2811.913856340172,167110.2774623865,29102.17651317861,1400.8119284329425,7660.561608624226,42183.16684487477,5091.148739894752,3732.525809306386,3904.0258005445035,1629.592916744591,2464.7978740742224,1137.7309418736704,422.2329784282449,2785.502857689502,2182.8518884787577,5876.961699747805,3151.4838389916445,1562.0219201967727,5655.040711085681,8499.19656577862,8241.946578921443,2044.9658955233112,9957.975491250047,5710.606708246832,3852.2328031905918,3065.3908433901097,9980.613490093478,1436.826926592947,3552.1078185238866,3808.67180541611,1351.0769309738885,2774.869858232739,1102.058943696142,8918.685544347054,2687.061862718823,9981.299490058429,7438.6406199621015,2268.6018840978163,7336.76962516666,19755.426990701213,8300.256575942403,13274.785321795236,8054.325588506943,951.1389514065988,5743.1917065820735,1851.513905406715,5069.882740981225,2966.606848436954,1289.3369341281661,5770.6317051801725,11869.171393607625,8656.633557735211,1582.601919145347,8085.53858691228,6418.2156720953035,4138.294788575771,3331.901829774144,9445.876517413028,1497.5379234912407,3662.8968128637102,2936.422849979045,1780.1699090516581,2228.4708861480967,1178.2049398058662,7907.178596024639,2335.8298806631583,10599.042458498128,7297.324627181893,1764.3919098577512,6659.00165979362,22594.094845674532,8150.365583600289,12174.441378011474,7401.939621837145,630.7769677737956,5347.369726804499,374002.03589234914,2577.98786829138,1926.6309015690103,9183.481530818708,7534.337615072972,63213.181770457675,65280.09966485945,44549.18072399584,43067.76379968098,41211.10489453712,42625.97982225159,18063.751077128425,16368.645163730871,5743.1917065820735,5347.369726804499,52712.9233069127,49843.728453499,170986.8632643329,169036.9083639555,26736.162634057542,30502.988441611553,181963.89170351985,180224.19579240037,856685.3312322057,362188.08749592025,340023.77162828844,128493.28143531713,87616.94452367682,83837.08471678871,34432.39624085929,11090.561433386572,10509.176463089356,7317.561626147991,8187.752581690198,3204.9918362579374,4939.19974765778,2110.135892193796,797.1319592747694,5597.416714029674,16717.81914589168,102556.65176041171,17294.40211643423,85262.24964397747,54204.28723071937,3034.863844949725,57239.1510756691,4504.61876986039,0.6199464175893012,0.0019444444444444702,OAS2_0031_MR1_mpr-4
300,1372152.9078971231,15444414.560949534,163518.72464587784,8039.919589242942,996.0719491109855,9439.016517763503,42961.776805095826,5921.894697452192,3665.9838127059966,4269.320781881694,1849.7989054943337,1196.7269388595828,1857.6879050912871,18177.627071310533,2780.3578579523587,1090.3969442919501,861.6159559803016,492.89097481834926,3419.366825305584,163645.63463939406,10168.234480507977,967.6029505654581,8919.714544294484,43601.128772431526,5473.2507203732775,3713.317810287717,4221.643784317496,1965.3898995888248,3144.62383934212,1255.0369358805428,502.1519743452076,3317.495830510142,2233.9588858677166,4629.127763499264,3241.692834382894,831.431957522393,5710.263708264355,8310.889575399167,6577.367663964276,1925.6019016215816,8564.023562466627,6588.686663385993,5716.094707966451,4136.236788680914,9403.344519585975,1259.1529356702576,3736.984809078577,3681.418811917427,1737.2949112421288,2768.3528585656904,1589.804918777348,8095.485586404091,2955.6308489977146,9928.820492739565,7850.926598898536,2493.9528725847026,9109.736534586318,18777.191040678994,8675.841556753881,13207.214325247418,7195.453632386451,1091.768944221855,4968.697746150736,1208.0459382812985,4635.987763148788,3233.8038347859406,911.6939534218318,5525.729717692141,9310.048524352438,6355.789675284629,1730.434911592604,8470.727567233092,6634.991661020284,5369.321725682978,3481.449822133782,9019.527539195067,1020.7679478492745,3238.262834558132,3469.78782272959,1839.5089060200467,2522.7648711127063,1553.446920634867,8192.554581444865,2464.454874091746,10021.773487990626,8713.914554808742,1865.5769046882406,8559.564562694437,21467.682903222576,9617.033508668668,12179.24337776614,7181.390633104926,733.676962516666,5505.492718726043,492498.9258383789,2542.658870096328,2650.017864611389,9609.144509071715,7268.51262865389,65093.85067437487,65871.77463463097,41951.29885672084,40146.08994894841,40128.596949842125,43014.94180237964,19111.61602359332,18627.300048336878,4968.697746150736,5505.492718726043,52400.79332285933,52520.84331672601,166061.38351597416,166295.65250400544,9035.991538353926,11135.837431073436,180863.2047597536,180434.11178167586,855566.1222893858,361297.3165414295,332357.0360199796,130965.62530900585,82097.38880566924,83143.53875222176,37738.9160719302,10474.190464876778,11395.14541782547,7379.301622993713,8490.964566199189,3815.1888050831585,5924.981697294479,2345.433880172493,995.0429491635568,6736.862655815726,16877.657137725604,104921.63663958534,18358.73106205799,86562.90557752736,18208.15406975092,1963.6748996764436,20171.828969427363,5192.676734707717,0.7504703789554594,0.061479680444598804,OAS2_0035_MR1_mpr-4
53,1403674.6062866892,15412892.862559969,190981.36124282004,7645.126609412795,824.5719578728682,10728.35345189167,48586.633517723596,6660.716659706001,3493.4548215204504,4620.895763919834,1649.4869157282126,1048.5509464298495,1153.5089410675773,17406.56311070396,2816.715856094839,1098.6289438713798,1210.7899381411085,470.2529759749178,3380.9508272682456,192731.3471534138,7612.541611077553,971.0329503902204,10658.03845548404,48757.79050897924,6234.367681488042,3367.9168279341484,4375.993776431802,1701.9659130470766,2763.550858811023,1334.269931832553,389.6479800930026,3347.6798289680505,2057.3138948924557,4917.9337487442535,4186.314786122444,1690.6469136253609,6918.995646510606,9367.672521408445,8661.092557507402,2119.3968917206544,11057.97643505133,6756.070654834395,7256.507629267221,3812.787805205825,9611.545508949048,1904.6789026905312,3872.812802139166,3340.47682933605,1981.510898765208,3614.533815334561,1531.1519217739117,9219.496528978712,2359.839879436495,11187.973428409823,7529.87861530078,1966.4188995362535,8752.673552828557,19448.099006402506,9001.691540106303,12001.226386860975,8573.284561993487,958.684951021076,4324.886779042843,1352.1059309213172,4232.27678377426,4023.7327944287094,1498.2239234561932,6435.365671219115,11467.175414145478,8051.924588629609,2006.549897485973,13014.79133507825,7006.11764205957,6835.303650786405,3163.831838360789,10223.114477704175,1722.888911978127,3711.9458103578118,3823.7638046450643,2044.622895540835,2758.0628590914034,2075.492893963696,8438.485568880325,2688.4338626487274,10649.80645590461,7621.459610621935,1631.3079166569723,8423.050569668896,21070.831923497575,8993.459540526874,12487.943361994752,8329.068574470408,776.2089603437191,4640.103762938503,431365.3529616747,1854.2579052665249,1251.2639360733042,8502.969565585858,7678.39760771299,67684.87254200035,66884.31058290083,45662.21566713122,45293.49068596927,43692.02376778773,44849.64870864502,24031.950772214906,25949.32067425706,4324.886779042843,4640.103762938503,59314.98696961527,59415.82896446328,192835.61914808658,193982.61108948712,8469.698567285663,8583.574561467774,193898.91909376293,195295.27202242365,951843.1303706225,389194.19111618656,386818.23023757373,134569.18312490117,90955.70635310048,88541.67247643275,49981.27144647196,8964.990541981346,12895.084341194044,6861.371649454599,8996.889540351636,3351.452828775289,5580.266714905862,2432.898875703933,859.9009560679203,6728.630656236296,16181.367173298848,118730.81593407855,21386.39190737571,97344.42402670284,15257.668220490348,1795.6049082630886,17053.273128753437,3105.521841339829,0.7567691690747804,0.009527321900547043,OAS2_0036_MR1_mpr-4
243,1329436.7190794803,15487130.749767177,164883.86457613326,10012.169488481291,1026.9419475338466,9847.186496910223,37702.55807378772,5419.3997231245085,2762.1788588811182,3758.936807957056,1506.798923018099,1533.5529216512452,1669.7239146943105,16710.959146242156,3244.7798342251804,1075.647945045472,1055.410946079374,407.8269791642431,3047.8978442838215,163725.55363531102,10620.994457376608,1047.1789464999445,9326.512523511297,39905.646961232575,5085.660740175132,2787.9038575668355,3677.988812092665,1486.9049240344775,2489.4938728125117,1222.4519375453006,475.05497572958507,2924.417850592377,2329.31288099611,3649.8628135296135,3030.74784516001,1354.1639308161746,5644.750711611395,8906.33754497791,8353.764573208697,2086.811893385412,9303.874524667866,6187.376683888798,4528.285768651251,3350.4238288278607,9802.939499170787,1646.7429158684029,3555.8808183311253,3315.4378306152844,1441.2859263651383,3633.055814388278,1113.0349431353816,8498.16756583119,2882.2288527478004,9647.903507091529,7576.869612900025,2376.9898785603064,7732.9346049267115,20265.467964643376,8564.70956243158,10760.938450226911,6367.108674706345,930.901952440501,5103.15373928142,2137.575890791895,3284.9108321748995,3158.000838658693,913.7519533166892,5392.988724473838,9633.15450784505,8427.509569441087,1635.7669164291633,8249.149578553444,5994.95369371963,4800.970754719857,3089.7438421459224,10415.880467855819,1220.0509376679668,4027.1627942534715,2966.2638484544777,1758.5609101556554,3734.240809218767,1500.2819233510506,8092.055586579329,2963.1768486121914,9409.17551928807,7985.38259202922,1569.9109197937262,8741.697553389318,20444.513955495968,8721.803554405697,11097.07843305362,6744.065655447726,601.2789692808394,5081.544740385417,469687.36900381447,888.0269546309717,685.6569649699932,9675.343505689629,8306.430575626975,62779.629792607724,63451.22375829618,42814.62981261352,41780.48486544768,39913.19296084705,41176.461896307024,17975.94308161451,17708.403095283044,5103.15373928142,5081.544740385417,47549.74457069794,49232.15948474387,165771.89153076423,164411.21060028102,11039.111436015139,11668.173403876552,178261.89289265385,177504.54893134633,832783.3774533492,355766.4418240002,330183.10213104525,126230.8535509039,84595.1146780612,81089.65485715408,35684.346176897554,10184.698479666837,10505.06046329964,5550.082716447954,7436.92562004972,2993.7038470525767,5734.273707037692,2298.0998825907727,882.8819548938282,5972.315694876199,17981.774081316602,96781.90405544182,19173.699020421518,77608.20503502029,20633.1639458579,2074.120894033791,22707.28483989169,1573.6839196009648,0.7317518790164195,0.13171431989472424,OAS2_0040_MR1_mpr-4
398,1416729.1856197347,15399838.283226922,179990.61280433406,11220.558426745065,729.217962744475,10153.828481243976,43388.81178327874,6201.7826831528,3210.1368359950807,4464.830771893147,1709.85491264403,1189.1809392451057,2083.7248935431257,16937.682134658946,3107.23684125221,1263.6119354424486,1201.5289386142501,462.3639763779644,3107.9228412171624,181864.07870861926,9916.472493370422,634.8929675635104,10051.271486483582,44763.21271306101,5959.281695542101,3190.585836993935,4395.544775432948,1734.893911364795,3053.0428440209653,1319.1779326035987,496.66397462558785,2913.7848511356137,2802.6528568133135,4707.674759486321,3886.5328014382153,1715.6859123461259,7307.271626673704,11186.944428462395,8437.11356895042,1795.9479082455648,8844.940548114664,6890.526647965079,5370.007725647931,3475.618822431686,10500.60146352745,1749.9859105937494,4378.3947763091355,2965.234848507049,1428.5949270135175,2868.1658534662747,1556.190920494677,9378.648520847686,2757.719859108927,11117.315432019719,7144.346634997492,2985.814847455623,8679.614556561119,19206.627018739237,8167.172582741625,13745.724297735105,10186.413479579218,1074.9619450805196,5707.8627083870215,1821.6729069312826,4760.839756770138,3449.207823781016,1345.2459312717924,7196.48263233388,12009.11538645793,8557.50656279958,2083.3818935606496,8644.628558348542,6425.0756717448285,5878.333699677711,3605.272815807703,10828.50944677473,1730.7779115750802,4085.1297912919554,3305.83383110595,1437.8559265403758,3237.9198345756554,1937.2639010257735,9210.235529451855,2823.232855761888,11226.389426447162,7892.429596778161,2067.6038943667427,7659.532608676797,21023.84092589833,9063.431536952026,11888.722392608772,8896.733545468576,785.4699598705774,5633.088712207203,471577.64190724096,1095.1989440466175,809.4799586439138,10342.135471623427,8795.891550620563,65717.76764249912,66767.6905888589,48902.19350160174,46704.93561385897,46063.52564662841,47071.94559510855,19657.671995695488,19909.43398283304,5707.8627083870215,5633.088712207203,53542.64026452271,54814.48419954459,181085.8117483807,182673.55866726316,11949.77638948954,10551.365460933932,196391.1569664352,194882.9860434872,918175.9670906676,391274.1430099224,363759.37041564385,132485.45823135803,95607.1291154607,93135.47124173696,39567.10597852853,11340.951420594225,12161.0643786949,6400.722672989015,8860.375547326095,3444.748824008825,6160.279685273175,2582.7898680460476,959.0279510035523,6021.707692352777,19138.02702224399,108357.12446406731,20205.099967727558,88152.02449633976,21137.03092011549,1364.1109303079854,22501.14185042347,1904.6789026905312,0.8188849937535922,0.008797327394209306,OAS2_0041_MR1_mpr-4
396,1591583.0306865047,15224984.438160153,238741.7078027584,14134.000277898203,1014.250948182226,13424.67631413735,52512.268317164104,7903.4055962174,3465.6718229398753,4665.8287616242205,2040.5068957511203,1686.1879138531697,1590.8339187247766,22321.06685962345,4025.790794323567,1429.6239269609462,1361.3669304481755,484.3159752564434,4235.02078363407,237199.23688156277,14127.826278213632,980.2939499170787,12739.019349167356,53698.01925658445,7407.427621556764,3685.5348117071417,4590.368765479449,2166.3878893198985,4109.825790030244,1609.3559177784932,567.6649709981684,4128.004789101485,2674.7138633496784,6115.689687551265,5810.076703164939,1554.8189205647718,6981.764643303757,10650.492455869564,9405.402519480831,2418.835876422407,12861.813342893849,6997.542642497664,6379.113674093013,4243.595783195976,11799.885397147425,2089.555893245222,3862.522802664879,4479.236771157149,1814.4699072992817,3553.4798184537913,2091.613893140079,10214.53947814227,3452.2948236233024,11358.444419700512,8995.517540421732,2982.0418476483846,10504.717463317163,21228.95491541912,10713.261452662715,14385.076265070807,10380.894469643243,1129.1559423117646,5675.27771005178,2246.649885219337,5431.061722528701,4635.644763166312,1268.7569351795921,6196.980683398132,11913.075391364584,8997.918540299064,2699.066862105491,13307.027320148001,7503.46761665011,6170.226684764986,4062.491792448524,10912.20144249893,1913.2539022524372,3293.4858317368057,4325.572779007795,1453.9769257167588,3347.6798289680505,2233.2728859027643,8626.449559277302,2985.4718474731467,11654.453404577502,10327.043472394475,1505.4269230881941,11392.058417983184,22964.534826748866,10825.422446932444,13860.286291882168,11621.182406277308,1237.886936756731,5977.117694630866,435850.4207325339,1155.9099409449109,837.2629572244889,11527.886411043773,9436.61551788617,74158.6542112568,75428.78314636629,52801.074302409084,50106.4664400758,50954.705396739526,53313.17327624611,27142.61761329188,26346.171653982063,5675.27771005178,5977.117694630866,65936.94463130145,66437.0386057518,239897.6177437033,238036.49983878725,15148.251226080429,15108.12022813071,222260.21564479286,220608.32772918732,1120837.8497367331,442868.5433739802,477934.11758249055,149587.43735762307,102907.54074248488,104267.87867298564,53488.78926727394,11652.395404682646,15310.833217774165,7151.2066346470165,9256.19752710367,4206.894785071019,8135.616584353811,3038.9798447394396,1051.9809462546118,8363.025572735554,20964.501928929945,132373.98323705327,26163.69566330471,106210.28757374856,28261.826556111835,1994.5448980993046,30256.37145421114,1993.1728981693998,0.8030868990661975,0.010329271891732349,OAS2_0042_MR1_mpr-4
382,1633894.4795248255,15182672.989321832,210604.39024028543,42117.310848239336,2197.6008877252357,12383.328367339502,50712.204409128826,6814.723651837831,3774.7148071509628,5608.049713486437,2214.7508868490477,2656.1918642959613,1801.0929079827083,20397.865957879203,3268.103833033564,1339.0719315872202,1403.5559282927525,479.1709755192999,3700.6268109360963,225891.89945925123,21548.287899104493,1441.6289263476144,11484.325413269291,51797.113353701156,6795.515652819162,4224.044784194831,5694.142709087972,2239.4468855873365,3931.465799142602,1609.012917796017,534.0509727154974,4091.3037909765276,2785.159857707026,5888.966699134474,2890.46085232723,1359.9949305182706,4737.85875794423,7655.073608904606,7391.992622345334,1828.532906580807,9550.148512085803,7749.398604085571,4842.130752617005,3880.7018017361193,9119.683534078129,1207.0169383338698,4354.041777553323,3263.9878332438493,1844.6539057571902,2747.0868596521636,795.7599593448645,7178.989633227592,2711.7578614571116,12812.764345399748,6333.151676441197,2534.4268705168984,10251.926476232178,24002.795773704427,7125.824635943776,12190.562377187858,7116.563636416918,694.9179644968515,5845.062701377516,2288.152883098962,5489.0287195671835,3301.7178313162353,1439.9139264352332,6101.626688269739,11959.0373890164,9843.070497120507,2118.3678917732254,8985.57054092992,7873.564597741967,5782.636704566841,4246.339783055786,10906.027442814358,1793.5469083682312,3620.021815054181,4115.313789749864,1764.3919098577512,2540.257870218994,1915.6549021297708,9829.007497838982,3178.923837589743,13358.820317501913,8802.408550287611,2669.2258636300585,10066.706485695013,27565.193591702602,7914.38159565664,14501.35325913025,7614.59961097241,746.0249618858105,6158.907685343271,524515.5732026581,3103.4638414449714,2339.259880487921,9859.877496261843,10254.67047609199,76796.32407649903,80639.63888014526,41309.202889525324,50872.04240096275,35409.60319093409,46119.434643772045,18078.500076374905,19985.57997894277,5845.062701377516,6158.907685343271,63095.53277646833,63281.438766970445,213707.8540817304,228231.15933973916,44314.911735964575,22989.916825452106,187298.5704309727,214030.2740652581,1036213.2370601794,401328.8444962308,441939.01342146954,157435.9629566443,92181.24529048808,81529.03783470613,38064.080055317674,12003.970386720786,13610.239304656992,7998.7595913457935,11302.19242257441,4454.197772436384,7199.569632176166,2948.0848493832373,1013.2219482347973,7791.930601912623,20114.54797235383,126376.97154343878,23867.653780608794,102509.31776282997,63665.59874734383,3639.22981407285,67304.82856141668,5442.723721932893,0.6648119740355183,0.09213911386374464,OAS2_0048_MR1_mpr-4
101,1468174.3809914151,15348393.087855242,184616.65356799104,16981.586132415905,900.7179539825923,11950.119389472016,46717.626613210596,6626.416661458378,2494.295872567179,4055.631792798999,1603.5249180763972,1314.7189328314075,1555.1619205472482,19425.804007541552,3141.1938395173574,1351.0769309738885,1676.240914361359,555.6599716115002,3611.7898154747513,180723.94676686826,18554.927052034393,837.9489571894413,11376.280418789276,47567.5805697867,5954.822695769911,2583.818867993476,3892.020801157835,1695.4489133800282,2966.606848436954,1404.2419282577048,539.195972452641,3471.5028226419713,2427.753875966789,4774.559756069187,3284.9108321748995,1760.6189100505128,6780.423653590207,11269.264424256691,8309.174575486786,2477.8318734083196,10392.556469047435,7094.611637538438,5986.035694175248,4321.456779218081,11518.625411516914,1764.3919098577512,3785.347806607726,3534.6148194175985,2075.14989398122,3724.293809726956,1908.1089025152937,9252.767527278907,2486.4068729702253,11340.265420629272,7850.240598933584,2725.8208607386373,8506.39956541062,20950.78192963089,9023.643538984783,13225.393324318658,9200.631529942519,978.2359500222213,5278.426730326776,1945.4959006052031,4534.459768335822,3018.7428457733417,1395.3239287133229,6325.60567682672,12401.850366393219,9223.955528750903,2134.4888909496085,10327.043472394475,6617.498661913996,5812.134703059797,3949.9877981963186,11125.890431581625,1723.9179119255557,3490.024821695688,3904.0258005445035,1896.7899030935778,3693.423811304095,2106.362892386557,8512.916565077669,2735.4248602479715,11178.712428882965,7650.271609149939,2305.9888821877257,7882.825597268826,20124.49497184564,9578.960510613806,11463.745414320716,8483.075566602236,684.6279650225645,5222.860733165626,487003.0371191622,885.625954753638,679.482965285421,10117.81348308397,9121.398533990508,70107.48141822999,67272.24356308144,48829.134505334296,46313.91563383606,46596.547619396486,46627.07461783687,21571.611897912877,21264.28391361417,5278.426730326776,5222.860733165626,58667.746002682616,58943.86098857598,185502.27952274468,181403.4297321537,17882.304086398497,19392.876009223834,202501.0156542844,195821.77699552468,939350.0420088904,398322.79264980904,366905.70925489836,137379.72498131142,95143.05013917036,93223.62223723336,42835.89581152705,10501.287463492401,12581.239357228289,5078.114740560655,7947.652593956835,3298.9738314564256,6107.800687954312,2755.3188592315933,1094.855944064141,7083.292638116723,19239.21201707448,117611.6069912586,23326.399808261292,94285.2071829973,35536.5131844503,1738.6669111720337,37275.18009562233,1565.1089200390588,0.778453318526603,0.028584264615039042,OAS2_0052_MR1_mpr-4
136,1435640.8326535444,15380926.636193113,209972.9272725467,29374.175499282264,1719.801912135841,9843.413497102983,42783.41681420818,6492.989668275123,3026.9748453527714,3700.9698109185724,1583.2879191102993,1625.4769169548763,2121.111891633035,16122.371176312936,2222.2968864635245,1166.8859403841504,1186.4369393852958,355.0049818629029,3074.994842899444,211014.618219327,27674.267586130045,1404.9279282226573,9105.963534779079,42909.64080775944,5995.2966937021065,3192.6438368887925,3770.941807343724,1575.0559195308697,2555.3498694479485,1308.8879331293117,407.1409791992906,3080.482842619064,2523.1078710951824,5651.610711260919,3719.148809989813,1388.463929063798,5915.72069776762,9709.986503919728,7175.216633420354,2156.0978898456115,10866.582444829592,6359.219675109392,5809.047703217511,3281.4808323501375,10584.636459234127,1549.6739208276283,3291.084831859472,3218.3688355745103,1564.4229200741065,3124.386840376022,1834.3639062829031,9333.372523160822,2418.492876439931,10721.836452224621,7808.737601053959,2753.260859336736,8495.080565988905,19328.735012500776,8922.80154413677,11245.254425483354,8012.136590662366,982.6949497944124,4626.040763656977,1301.3419335148344,5613.537713206057,3878.3008018587857,1028.999947428704,5593.300714239959,11504.562412235387,6440.167670973783,2227.7848861831444,10270.448475285895,6686.441658391719,5842.318701517705,3288.340831999662,11074.097434227713,1298.2549336725483,3023.544845528009,3708.858810515526,1329.4679320778857,2374.931878665449,2100.8748926669377,8817.84354949904,2171.5328890570418,10062.24748592282,8333.870574225075,1650.8589156581177,10343.507471553334,21986.984876691597,9070.29153660155,11725.454400950082,7375.528623186475,741.2229621311432,4845.217752459292,396993.32471773116,8968.420541806108,9230.129528435476,9850.95949671746,7351.518624413138,65036.22667731886,68417.86350455206,42230.84384243897,41765.73586620119,43787.03476293365,45102.09669574753,22229.14286431982,22091.942871329324,4626.040763656977,4845.217752459292,52626.83031131117,52015.604342538514,218941.3478143528,220244.74774776248,31093.977411418105,29079.1955143527,187760.24840738572,189574.37531470257,973541.3092620692,377334.6237220883,439186.0955621153,133454.0901818709,83996.57970864016,88889.13145868118,44321.08573564915,9471.258516116268,12488.286361977229,6219.618682241564,7471.9116182622965,3158.343838641169,4777.6467559114735,2475.773873513462,762.1459610621935,6155.477685518508,17202.478121130596,104642.43465384969,18949.37703188206,85693.05762196763,57048.443085412306,3124.729840358498,60173.17292577081,18198.550070241585,0.6044897767925645,0.06971067556895688,OAS2_0053_MR1_mpr-4
46,1298822.5986435465,15517744.870203111,151206.39727491094,19406.253008540407,1542.4709211956274,12123.334380622515,49366.615477874555,5513.724718305472,2561.866869114997,3337.0468295112873,1461.5229253312361,2045.6518954882638,2287.123883151533,18662.62904653193,2378.7048784726876,877.3939551742084,1606.9549179011597,399.2519796023372,2955.287849015238,149820.33434572446,17200.763121218217,1568.8819198462975,11843.103394939431,49426.64047480789,5288.03072983611,2482.2908731805105,3287.997832017186,1437.8559265403758,2231.557885990383,751.5129616054302,403.367979392052,2816.029856129887,1747.5849107164158,3140.507839552405,2971.408848191621,843.7799568915374,5556.256716132526,8982.82654107011,7298.010627146846,2154.039889950754,7825.201600212818,5699.287708825116,4131.434788926247,3305.1478311409974,8176.776582250959,1199.813938701869,2683.6318628940603,2399.627877403738,1199.4709387193927,2642.4718649969122,1291.0519340405474,8049.866588734752,2270.3168840101976,9354.295522091872,6686.098658409243,2039.4778958036916,7177.274633315211,17775.974091830863,7483.573617666489,11506.963412112722,7953.483593658931,844.4659568564898,4832.526753107671,1489.6489238942872,3739.3858089559108,3191.614836941364,604.3659691231255,4907.300749287489,11875.345393292198,7200.941632106072,1988.7138983972088,8435.055569055563,5603.590713714247,4216.4987845803535,3002.6218465969587,7868.419598004824,1084.565944589854,2690.8348625260614,2669.911863595011,1300.3129335674057,2701.810861965301,1627.5349168497337,7874.25059770692,2501.1558722167033,8649.773558085686,7204.71463191331,1581.9159191803944,7504.153616615063,16985.702132205617,8111.6065855804745,9234.931528190144,6530.719666347509,528.5629729958777,4508.048769685152,453189.41284669004,1554.1329205998195,1151.793941155196,8211.419580481059,7561.434613688594,55377.69017077057,54848.09819782725,38682.16602373984,34412.159241893205,39155.84899953952,41596.636874840406,16219.097171371235,17470.704107427016,4832.526753107671,4508.048769685152,61489.94985849707,61269.743869747326,152760.53019551077,150972.12828687966,20948.723929736036,18769.645041064516,162478.74869900988,160397.08180536164,799975.086129515,322875.83050437155,303732.65848239046,110225.78836859782,73094.32526563304,80752.48587437993,33689.80127879825,9340.575522792824,10801.755448141583,5044.157742295507,6625.044661528473,2899.378851871612,4610.26276446307,1628.9069167796385,802.6199589943892,5771.317705145125,15772.854194169653,122759.6937282444,23966.437775561946,98793.25595268245,36607.016129758624,3111.352841041925,39718.368970800555,2705.9268617550156,0.5969073131851059,0.031917268060412146,OAS2_0058_MR1_mpr-4
290,1393706.6837959473,15422860.78505071,184483.22657480778,22156.769868017334,1373.71492981732,9715.131503656872,40638.637923784285,6191.149683696036,3159.372838588598,4229.875783896926,1841.9099058973804,1629.249916762115,1759.9329100855603,17983.489081228985,2738.1688601077817,1189.5239392275819,1023.8549476915606,443.4989773417715,3462.241823115113,184061.33659636203,21080.778922989386,1353.8209308336984,9040.450538126119,41049.20890280834,6033.369691756969,3186.8128371866965,3959.9347976881295,1812.4119074044243,2552.262869605662,1164.827940489293,431.8369779375795,3358.9988283897665,2696.322862245681,5489.37171954966,3427.5988248850135,1278.703934671403,5443.409721897845,9878.056495333083,8712.542554878837,2180.7938885839003,8324.26657471574,6542.038665769224,6343.78467589796,3653.9788133193283,11196.54842797173,1902.6209027956738,3551.421818558934,3687.9358115844757,1568.8819198462975,3468.0728228172093,1879.9829039522424,9403.001519603498,2004.1488976086393,11385.88441829861,6981.764643303757,2681.2308630167267,8803.43755023504,20475.38395391883,8326.324574610597,13725.487298769007,8082.794587052471,1169.286940261484,4846.24675240672,1518.8039224047673,5408.080723702792,3154.227838851454,1095.8849440115698,4904.213749445204,11603.68940717102,7473.283618192202,2356.066879629256,10429.257467172392,6776.650653782969,5781.607704619412,3564.798817875507,12187.47537734557,1762.3339099628938,3391.2408267425326,4141.381788418058,1538.6979213883887,3605.615815790179,1924.572901674153,8215.535580270773,1996.6028979941623,11226.389426447162,7372.441623344189,2411.632876790406,9133.746533359654,21997.61787614836,8540.356563675768,12759.256348133455,7417.031621066099,762.1459610621935,4723.109758697752,425602.267256109,3432.0578246572045,3281.4808323501375,9562.496511454947,8283.106576818593,68626.40749389761,70784.2203836556,47356.29258058134,44661.68471824804,42671.941819903404,43149.054795527845,19975.63297945096,21289.66591231741,4846.24675240672,4723.109758697752,50353.769427441155,50089.65944093446,187915.284399465,187342.81742871218,23530.484797834655,22434.599853823085,193039.01813769498,192890.84214526525,917726.2941136414,385929.86028296023,375258.10182817717,139410.62787755323,92017.97729882938,85820.99661543124,41265.29889176837,9569.356511104472,12224.519375453005,6346.185675775294,8189.810581585056,3654.3218133018045,5290.431729713444,2354.351879716875,875.335955279351,6821.24065150488,17845.60308827354,100443.42886837562,18755.58204178299,81687.84682659263,43237.54879100672,2727.535860651018,45965.084651657744,6713.538657007342,0.6596615055519166,0.03514004149377599,OAS2_0063_MR1_mpr-4
160,1337567.190664097,15479000.27818256,163340.02165500773,28978.35351950469,1829.2189065457596,8259.096578045255,36594.66813038948,5477.709720145468,3197.1028366609835,3671.471812425616,1500.967923316003,2274.089883817436,3276.3358326129937,16305.876166937722,2328.626881031157,917.5249531239278,1254.6939358980665,275.08598594594025,3067.448843284967,160959.94477660515,26662.074637842674,1352.1059309213172,7713.04060594309,36496.91313538375,5308.267728802208,3482.8218220636873,3419.0238253231073,1451.5759258394253,2689.8058625786325,1105.4889435209045,323.44898347508934,3113.7538409192584,2506.300871953847,5573.4067152563375,3503.058821029785,901.746953930021,5792.926704041128,10002.565488971957,8170.945582548863,2175.3058888642804,10176.466480087407,5325.41772792602,4584.194765794877,3256.098833646896,8756.789552618271,1050.608946324707,3597.3838162107495,2655.848864313485,1379.2029295369398,2997.476846859815,1552.7609206699144,9466.799516344077,2757.3768591264507,11431.846415950426,6953.29564475823,2478.1748733907957,8658.348557647592,19344.17001171221,7908.5505959545435,11978.245388035068,7703.779606416231,1194.6689389647254,4824.637753510718,1129.1559423117646,4408.578774767045,3065.733843372586,893.1719543681152,5559.343715974812,10865.896444864638,9008.551539755828,1828.8759065632835,9874.283495525844,5683.166709648733,4681.949760800604,2770.410858460548,10826.794446862348,1042.3769467452773,3018.7428457733417,2939.8528498038077,1610.384917725922,2772.8118583378814,1759.2469101206077,8861.404547273523,2387.965877999546,11490.156412971386,7535.3666150204,1261.8969355300674,8413.446570159562,22493.93885079147,8609.299560153491,11313.511421996125,6958.097644512897,785.1269598881013,4855.507751933578,424715.6123014079,10999.323438047893,7862.245598320252,9917.158493335373,6607.894662404662,64219.20071906046,65601.4906484397,41092.08390061787,43224.17179169015,42034.99085244504,42830.06481182495,19816.480987581985,19381.21400981964,4824.637753510718,4855.507751933578,44853.76470843473,44209.95374132684,174339.34509305563,168822.19037492538,30807.57242605045,28014.18056876399,181904.55270655145,182500.34367611268,847224.7057155463,364404.8963826641,343161.535467981,129820.69136750017,84316.25569230801,84865.05566426998,39197.694997401624,9680.145505444296,10785.977448947677,6679.924658724671,7090.495637748723,2952.5438491554282,5018.43274360979,2023.0138966448324,598.5349694210296,6181.202684204225,16525.053155740035,89063.71844976157,15972.137183988345,73091.58126577323,55640.42815734736,3181.3248374670766,58821.75299481444,18861.569036368146,0.6127673557125102,0.07197047365183519,OAS2_0068_MR1_mpr-4
328,1594357.9005447375,15222209.56830192,227192.21239281862,33165.01130560961,2038.1058958737865,9195.486530205377,51419.12737301234,7509.984616317159,3780.545806853059,4571.846766425732,1946.5249005526318,2806.425856620552,2508.7018718311806,19403.16600869812,3449.207823781016,1449.860925927044,1662.1779150798334,474.3689757646326,3990.118796146038,223385.59858729737,27085.679616200825,2323.82488127649,9491.495515082366,52522.55831663839,7388.5626225205715,3949.3017982313663,4361.244777185324,1862.4899048459545,3673.5298123204734,1582.9449191278231,519.6449734514956,3871.7838021917373,2917.214850960376,7883.511597233778,3931.122799160126,1213.1909380184422,5478.052720127945,12795.271346293459,9709.986503919728,2406.4878770532628,9286.724525544054,7690.059607117182,6204.526683012609,4284.412781110647,12103.78338162137,1507.1419230005752,4047.7427932020455,3969.195797214988,1543.15692116058,3952.731798056129,1872.4369043377653,10830.910446652064,2833.1798552536984,12337.366369687687,8936.864543418294,3505.4598209071187,9569.013511121995,21040.990925022143,9991.589489532716,13836.276293108831,8047.122588874942,1526.3499220192443,5738.732706809883,1717.057912276031,5921.894697452192,3857.3778029277355,1227.596937282444,6494.018668222551,14096.613279808294,8559.564562694437,2330.3418809435384,10329.787472254284,7108.674636819964,5812.134703059797,4253.885782670262,12746.565348781834,1491.3639238066685,3308.920830948236,4015.157794866803,1998.6608978890197,3636.8288141955163,2463.0828741618416,10206.30747856284,3019.085845755818,11447.96741512681,8975.966541420587,2514.5328715332766,11215.413427007923,24613.6787424946,9636.241507687339,14337.399267506611,7697.948606714135,814.2819583985812,5579.237714958434,446960.5331649216,3577.832817209604,2819.8028559371255,11662.342404174457,9581.018510508664,76318.18210092718,77521.08303947133,50273.850431524195,50927.26539814143,50601.75841477147,50613.07741419319,21294.810912054556,22462.382852403658,5738.732706809883,5579.237714958434,60614.613903217716,62014.053831720754,230770.0452100282,226205.4014432345,35203.117201483394,29409.504497477315,215889.67697026173,216684.0649296767,1075807.4400373234,432573.74189993844,456975.4466532627,153839.26514039852,101201.11582966562,101214.83582896466,43757.193764458214,11317.970421768317,14898.547238837731,7729.847605084426,8933.091543611055,3809.0148053985863,7122.737636101489,3032.805845054867,994.0139492161281,7861.902598337776,21243.360914683122,122628.66773493847,18686.982045287743,103941.68568965074,60250.690921810434,4361.930777150276,64612.621698960706,6397.6356731467295,0.6205517968842473,0.03149378792256572,OAS2_0070_MR1_mpr-4
191,1375916.646704835,15440650.822141822,187914.25539951757,10568.515460057744,910.3219534919269,10970.168439537414,43709.51676689402,5894.454698854093,3641.630813950184,4806.801754421953,1751.7009105061306,1286.9359342508326,1146.3059414355764,17548.908103431597,3020.457845685723,1286.9359342508326,1291.7379340055,498.03597455549277,3520.894820118549,188991.9613444579,7057.9106394134815,901.0609539650685,10720.464452294715,44442.50772944573,5687.9687094034,3491.739821608069,4578.363766092781,1860.0889049686207,2984.099847543242,1314.0329328664552,532.3359728031163,3326.070830072048,2922.3598506975195,4930.281748113398,4087.530791169289,1533.8959216337216,7380.6736229236185,9894.177494509466,8225.139579780109,1870.0359044604315,10356.54147088743,6108.486687919264,5971.629694911246,3816.5608050130636,9160.843531975277,1857.344905108811,3718.4628100248606,3251.2968338922287,1759.589910103084,3590.866816543701,1993.1728981693998,10333.217472079046,2951.857849190476,11146.813430512675,7928.444594938165,3156.6288387287877,8623.705559417493,18673.948045953646,9027.073538809545,13187.663326246271,7241.072630055791,993.3279492511757,5562.430715817098,2198.9728876551408,4614.378764252785,3726.69480960429,1466.3249250859033,6309.141677667861,10725.609452031858,7337.455625131613,2408.8888769305963,10728.35345189167,6180.516684239273,5816.250702849512,3812.787805205825,10001.536489024527,1800.406908017756,3273.248832770708,2695.6368622807286,1980.8248988002554,3435.4878244819665,2228.813886130573,8784.229551216371,3082.5408425139212,11352.613419998415,8584.946561397679,2155.0688898981825,9443.132517553218,20134.78497131993,9404.373519533403,12030.724385353931,7389.248622485524,755.6289613951451,5533.275717306618,416668.48971253296,1998.3178979065433,946.6799516344078,10900.882443077215,9845.471496997841,65620.01264749341,66923.4125809031,46646.28261685554,43999.35175208643,44423.985730392014,44888.40770666483,22408.874855137365,22500.112850476045,5562.430715817098,5533.275717306618,54679.68520643143,55162.97218174044,189912.57329742413,189938.6412960923,11478.83741354967,7958.97159337855,195562.46900877263,193690.03210443485,936085.3681756818,389252.5011132075,379851.21459351643,132543.4252283965,90645.63436894197,89312.39343705685,44908.987705613414,11095.706433123716,11582.423408257493,7133.370635558253,9385.165520514733,3611.7898154747513,6004.557693228965,2600.968867117288,1030.371947358609,6846.965650190597,20746.353940075056,109842.65738817188,21690.63289183213,88152.02449633976,17626.426099471224,1811.3829074569953,19437.80900692822,2944.997849540951,0.7682440726423805,0.006055066834228274,OAS2_0085_MR1_mpr-4
258,1346649.8302000677,15469917.63864659,159195.2098667649,24858.237730000157,2092.9858930699843,8214.163580340868,42375.246835061465,5990.494693947439,2639.384865154626,3538.044819242361,1377.8309296070347,2365.670879138591,1968.1338994486348,15373.25921458484,2018.211896890165,507.29697408235114,1493.4219237015259,171.49999123811736,2914.470851100566,164256.51760818422,18071.2970767429,1851.513905406715,8105.7755858783785,43631.998770854385,5206.05373402429,2876.3978530457043,3344.2498291432885,1642.9699160611642,1701.6229130646004,500.43697443282645,204.4279895558359,2820.1458559196017,1910.1669024101511,5690.71270926321,3853.604803120497,218.83398881983774,4794.796755035285,10967.081439695128,5658.81371089292,2007.2358974509254,8477.930566865092,5647.494711471204,5166.608736039523,2992.674847105148,7707.55260622347,1170.3159402089127,3611.446815492275,2908.6398513984705,1864.890904723288,2705.9268617550156,1393.9519287834178,9031.532538581736,2715.8738612468264,11113.885432194957,8931.0335437162,1694.4199134325995,8435.741569020516,20475.726953901307,11187.630428427346,10534.901461775073,8371.943572279937,1013.2219482347973,3998.350795725468,1270.128935109497,6332.122676493769,3703.02781081343,64.14099672305589,5610.450713363771,12760.62834806336,5770.288705197697,2005.5208975385442,8829.84854888571,5657.098710980539,4477.5217712447675,2708.327861632349,7867.733598039871,1063.2999456763275,4013.7857949368986,3062.9898435127757,1860.0889049686207,2611.2588665915746,1372.342929887415,8018.310590346939,2780.3578579523587,10830.910446652064,9421.523518657215,1502.6829232283842,8397.668570965654,21252.62191420998,11425.672416265854,9966.550490811951,9823.519498119362,917.5249531239278,4088.5597911167174,456788.85466279567,1896.1039031286255,938.4479520549781,8327.696574540501,7558.690613828785,65447.140656325384,66726.87359094423,33623.94528216281,33462.04929043403,48489.22152270035,51449.65437145273,18892.09603480853,18382.741060831322,3998.350795725468,4088.5597911167174,50589.41041540234,51737.77435673276,161091.31376989352,165194.9655602392,26951.223623070142,19922.810982149615,178778.45086626304,181668.5687186078,837159.7142297635,360447.01958487084,326286.2793301327,132174.0142472696,67085.99457259683,99938.87589415308,37274.83709563985,8086.910586842185,11196.54842797173,5515.78271820033,6882.294648385649,3020.800845668199,3719.8348099547657,1007.7339485151776,375.9279807939532,5734.616707020168,15886.387188369286,102327.18477213511,16319.939166219247,86007.24560591584,42929.53480674306,3944.499798476699,46874.03460521976,2834.5518551836035,0.4849066437471125,0.08510834485938218,OAS2_0089_MR1_mpr-4
231,1332551.8449203295,15484015.623926328,165999.64351912844,18670.518046128884,1472.8419247529519,7827.602600090152,39396.977987220314,5645.0937115938705,3097.6328417428754,3813.4738051707773,1368.9129300626528,1674.868914431454,1281.447934531213,15720.032196868313,2976.5538479287648,1086.9669444671877,1298.9409336375008,380.3869805661443,2981.0128477009557,164718.8815845622,15954.301184899581,1253.3219359681616,7631.749610096222,39746.837969346074,5343.939726979736,3018.7428457733417,3782.9468067303924,1436.826926592947,2998.1628468247677,1116.8079429426202,461.6779764130119,2867.822853483798,2309.075882030012,5217.02973346353,3416.6228254457737,1324.6659323232184,5732.901707107787,10464.243465384969,8141.790584038383,1820.3009070013775,9347.435522442349,6745.780655360108,5288.373729818587,3439.603824271682,10005.652488814243,1669.0379147293581,4898.725749725584,2997.133846877339,1847.397905617,3876.9288019288806,1440.9429263826619,8538.29856378091,2446.2758750205057,10785.977448947677,7549.08661431945,2805.0538566906475,7294.237627339608,19411.39800827755,7239.700630125886,12026.26538558174,8108.176585755712,865.3889557875401,5190.961734795336,1590.4909187423002,3103.8068414274476,3569.257817647698,1056.4399460268028,5341.195727119927,11680.521403245697,6942.662645301467,1660.4629151674521,9725.421503131158,6680.267658707147,5395.389724351172,3266.7318331036595,10488.59646414078,1300.655933549882,3327.7858299844293,3466.700822887304,1701.9659130470766,2403.0578772285003,1735.2369113472714,7406.398621609336,2854.102854184749,10760.595450244435,7962.744593185788,1796.6339082105173,7636.208609868413,22812.92883449437,8987.285540842302,11881.862392959247,7053.794639623767,693.5459645669465,5128.535737984661,440999.1934694847,2748.801859564545,2123.169891527893,9380.706520742542,7901.6905963050185,66514.21360180895,65160.049670992776,43829.22376077823,41819.929863432444,41899.50585936693,43090.74479850689,19493.375004089372,20425.3059564773,5190.961734795336,5128.535737984661,47224.58058731047,47378.5875794423,168748.445378693,166842.05147609007,20143.359970881836,17207.62312086774,186307.98648158138,183526.25662369907,849946.4105764951,369834.24310528045,335590.49685478304,131674.26327280173,85649.15362421068,84990.25065787381,39918.68096056667,10319.497472779996,10989.033438573606,6116.375687516217,7596.42061190117,2805.7398566556,5974.7166947535325,2203.774887409808,842.0649569791562,5848.835701184754,17282.39711704756,94603.16816675276,15459.352210186375,79143.8159565664,34624.819231028465,2726.1638607211135,37350.98309174958,4871.971751092438,0.6870915256455179,0.003616740341006975,OAS2_0092_MR1_mpr-4
165,1514625.4966182418,15301941.972228415,186974.77844751516,24270.678760018367,1645.0279159560216,11840.702395062099,48169.54553903249,6203.840683047657,3527.754819768074,4419.5547742062845,1806.5809077023282,1772.2809094547047,1522.2339222295295,22397.212855733174,3134.676839850309,1188.151939297677,1565.1089200390588,438.35397760462797,3772.313807273629,190316.28427679863,20161.88196993555,1315.40493279636,11277.153423853644,48622.6485158836,5839.574701657896,3629.6258145635156,4436.018773365144,1982.8828986951128,3019.085845755818,1168.6009402965317,407.8269791642431,3678.674812057617,2529.624870762231,6206.2416829249905,3863.5518026123077,1254.3509359155903,6208.642682802324,9179.022531046518,7909.922595884448,2367.385879050972,11164.649429601439,6420.616671972637,5836.487701815609,3584.006816894176,8948.526542822487,2037.7628958913103,3655.6938132317096,3612.8188154221803,1951.6699002897753,1169.9729402264365,1489.305923911811,9372.131521180638,2495.667872497084,13735.434298260818,8216.221580235726,2324.5108812414423,8384.29157164908,21318.82091082789,7906.835596042162,12812.078345434795,7128.5686358035855,1325.351932288171,5683.509709631209,2135.8608908795136,5167.294736004475,3922.8907995806962,1059.1839458866127,5423.515722914223,10455.668465823062,8828.819548938282,2064.1738945419806,9883.201495070227,6790.0276530995425,6278.614679227476,3767.8548075014382,9493.210514994747,1538.6979213883887,3886.8758014206915,3835.4258040492564,1691.3329135903134,3904.3688005269796,2108.7638922638907,8858.317547431237,2398.9418774387855,13080.647331713686,8405.900570545084,1681.7289140809787,9125.171533797748,22217.480864915626,7538.453614862687,13210.644325072179,6956.039644618039,1020.081947884322,5685.2247095435905,508195.29103645636,1989.7428983446375,1427.9089270485651,9717.189503551728,8280.705576941258,70039.5674216997,73466.48024661976,44819.46471018711,44761.8407131311,41802.77986430863,42214.37984328011,22353.994857941165,22193.470866142292,5683.509709631209,5685.2247095435905,60010.247934094594,59899.80193973724,188964.5213458598,191744.1932038472,25915.70667597439,21477.28690273191,194416.50606731954,196602.1019556581,954177.5882513559,391018.6080229776,380708.714549707,143506.04766831946,89581.3054233182,84017.15970758874,44547.46572408346,11368.7344191748,12043.415384705553,7157.38063433159,8855.573547571428,3789.4638063974407,6153.762685606127,2356.752879594209,846.180956768871,7450.988619331247,17997.895080492985,119910.04987383183,23117.85581891574,96792.1940549161,44432.56072995392,2960.4328487523817,47392.9935787063,3417.6518253932027,0.6761783582470746,0.01878379131598017,OAS2_0097_MR1_mpr-4
303,1385448.6162178495,15431118.852628808,181571.84272354952,14798.39124395467,1164.1419405243405,6727.2586563063915,43807.957761864694,6321.146677054529,3275.9928326305176,4086.8447912043366,1552.4179206874383,1495.4799235963833,1463.9239252085697,16911.95713597323,2101.903892614366,559.4329714187388,1398.7539285380851,408.5129791291955,3141.8798394823098,179742.28081702127,13615.727304376613,1089.3679443445214,6839.762650558596,44391.057732074296,6191.149683696036,3450.9228236933973,3760.308807886961,1589.804918777348,2111.1648921412248,753.9139614827639,358.7779816701415,2993.3608470701,2258.6548846060055,6512.540667276268,4256.286782547596,543.654972224832,4906.957749305014,10900.196443112263,6451.143670413022,2441.1308752833625,9482.234515555509,6557.473664980655,5283.914730046396,3471.8458226244475,8183.97958188296,1187.8089393152009,4203.12178526378,4486.43977078915,1327.4099321830283,2848.614854465129,1759.2469101206077,9561.467511507519,2888.059852449896,10590.467458936222,8844.597548132188,2940.53884976876,10263.245475653895,21025.212925828233,10214.196478159793,12711.922350551735,7809.4236010189115,1163.7989405418643,4420.926774136189,1347.3039311666498,5471.878720443372,3711.9458103578118,691.8309646545654,4604.431764760975,11411.609416984329,6420.273671990161,2298.442882573249,10317.782472867617,7023.953641148334,5808.361703252558,3525.3538198907404,7824.1726002653895,845.8379567863948,3846.4018034884957,4293.33078065503,1521.5479222645772,3019.085845755818,2377.3328785427825,8883.356546152003,2861.3058538167497,10950.274440553792,9096.359535269745,1841.223905932428,9410.547519217975,23578.504795381326,10697.826453451284,12458.10236351932,7816.626600650912,914.0949532991655,4636.330763131265,439560.3085429969,4889.807750181202,4321.113779235605,10528.384462108024,8348.276573489076,71286.37235800081,72640.87928879945,37810.60306826773,36623.82312889997,47329.88158193068,47905.77855250827,20781.682938270107,22215.42286502077,4420.926774136189,4636.330763131265,50535.21641817108,51230.82038263289,186461.65047373073,184063.39459625687,15962.533184479009,14705.095248721134,192157.85118271352,192370.5111718488,910862.5214643094,384528.3623545623,370525.0450699876,143927.25164680026,74434.42619716769,95235.66013443895,42997.10580329088,9057.257537267455,12512.296360750566,6726.915656323915,7847.153599091298,3142.2228394647864,4213.068784755591,1313.3469329015027,767.290960799337,6135.24068655241,18876.6610355971,101766.03680080397,13567.021306864986,88199.01549393899,28414.11854833128,2253.509884868862,30667.628433200145,9210.921529416806,0.6515957349225685,0.00219816005861765,OAS2_0116_MR1_mpr-4
285,1332013.6779478244,15484553.790898833,157345.75396125304,19026.552027939215,1398.0679285731326,9134.08953334213,41522.205878643064,5631.030712312345,3216.310835679653,3748.646808482769,1678.6419142386926,1511.2579227902902,1736.9519112596524,16110.709176908744,2913.7848511356137,937.4189521075494,1422.4209273289453,383.13098042595414,2938.4808498739026,156241.98001764453,18455.114057133807,1114.0639430828103,8245.719578728682,41758.87586655167,5375.49572536755,3308.920830948236,3713.317810287717,1817.5569071415678,3079.4538426716354,1205.987938386441,438.35397760462797,2903.837851643803,2742.970859862449,5301.407729152684,3474.2468225017815,993.3279492511757,5423.172722931747,8020.368590241796,8181.578582005626,1858.3739050562397,8082.108587087519,5950.706695980196,5557.628716062431,3829.5948043471603,9201.317529907472,1337.3569316748392,3548.334818716648,2974.152848051431,1559.9639203019153,3102.777841480019,1852.5429053541436,9037.706538266308,2609.543866679194,10104.093483784922,6985.880643093472,2786.531857636931,7655.073608904606,17968.054082017556,8547.902563290245,12197.079376854907,7970.633592782742,966.5739506180294,4880.203750671867,2402.714877246024,3999.03679569042,3292.799831771853,1190.2099391925344,4998.538744626168,9859.877496261843,7462.650618735438,1720.8309120832696,8754.388552740938,6152.733685658698,4782.105755683664,3580.233817086938,10327.729472359426,1341.472931464554,3715.7188101650504,3176.8658376948856,1415.903927661897,2924.417850592377,1868.3209045480505,8027.571589873797,2910.697851293328,10139.079481997498,7298.696627111798,2239.4468855873365,7480.486617824203,19777.035989597218,8180.206582075722,11268.578424291738,7016.064641551381,675.0239655132299,5075.0277407183685,462929.58334906766,1940.3509008680596,1073.932945133091,9997.420489234813,9273.690526209957,61994.15983273713,62361.5128139692,42151.61084648696,41549.64587724116,40562.491927674564,40382.41693687454,18966.527031005877,18697.615044744507,4880.203750671867,5075.0277407183685,50656.29541198519,50004.595445280356,159286.1048621211,157315.91296277763,20424.619956512346,19569.178000216616,178552.41387781122,177339.90893975773,824419.6658806488,355892.32281756896,316602.0178248987,124355.67264670634,83701.25672372812,80944.9088645491,37664.14207575038,9955.231491390236,11006.526437679895,6525.231666627889,7461.964618770486,3496.1988213802606,5993.238693807249,2143.4068904939904,821.4849580305821,5842.318701517705,19271.11101544477,100660.89085726555,17379.809112070812,83281.08174519474,37481.666085073026,2512.1318716559426,39993.79795672896,3014.283846001151,0.705049166635685,0.02764264865792942,OAS2_0140_MR1_mpr-4
241,1581501.575201563,15235065.893645095,205544.7974987785,27302.11260514333,1546.5869209853422,12890.968341404328,47731.87756139282,6590.058663315897,2811.570856357696,4455.912772348765,1758.217910173179,1998.6608978890197,3023.2018455455327,22283.67986153354,3458.4688233078746,1272.5299349868308,1516.7459225099099,481.91497537910976,3801.468805784109,206189.63746583383,25924.281675536295,1599.0659183042062,12218.68837575091,48552.33351947597,6224.077682013755,2995.0758469824814,4391.085775660757,1882.383903829576,3453.323823570731,1361.3669304481755,470.93897593987026,3634.770814300659,2729.936860528352,6103.34168818212,4514.222769369725,1616.215917428018,6796.544652766591,10913.573442428835,8447.746568407185,2565.6398689222356,9320.338523826726,6562.618664717798,5177.584735478763,4273.436781671408,11079.585433947334,1619.6459172527802,3812.1018052408726,3703.02781081343,1465.2959251384746,2868.1658534662747,1521.2049222821008,10040.638487026818,2789.2758574967406,11226.389426447162,8285.507576695925,3096.946841777923,9292.898525228627,19545.168001443282,7872.192597812063,14798.39124395467,8606.55556029368,1124.3539425570973,5593.643714222436,1905.70790263796,5436.206722265843,3357.6268284598614,1480.387924367429,6092.365688742881,12427.918365061412,7408.456621504193,2319.365881504299,9813.915498610027,6399.007673076635,6014.504692720776,4168.135787051204,10486.8814642284,1453.9769257167588,3700.28381095362,3624.480814826372,1522.2339222295295,2778.299858057501,1624.4479170074476,9812.200498697646,2754.975859249117,11564.930409151206,9211.950529364236,2260.712884500863,9326.512523511297,21193.28291724159,9497.326514784463,13434.966313611638,8173.346582426197,822.5139579780108,5784.694704461698,516328.16362095036,2519.67787127042,2074.120894033791,11181.799428725251,9240.762527892239,68852.44448234944,69713.37443836479,50213.48243460838,45994.239650168216,45718.467664257325,49122.742490333956,20533.350950957312,20810.494936798113,5593.643714222436,5784.694704461698,60622.845902797155,60771.02189522688,208064.47537004892,208263.7583598676,28848.699526128672,27523.347593840503,202093.18867512015,200666.30874801902,1002262.7557946991,402759.49742313917,416328.2337299165,138565.81892071423,96207.72208477659,94841.21015459127,41343.84588775542,11378.338418684134,12814.136345329653,5806.646703340177,8846.998548009522,3640.601814002755,6911.792646878605,2633.8968654350065,952.8539513189801,7436.239620084768,20422.56195661749,121393.86779802403,25109.656717155238,96284.21108086879,53226.394280679626,3145.6528392895484,56372.047119969175,4593.798765304211,0.6872490603896453,0.0007443799315170773,OAS2_0144_MR1_mpr-4
334,1323529.9163812571,15493037.5524654,186764.17645827474,6975.933643601661,755.2859614126688,11061.063434893616,46914.851603134426,6181.202684204225,3049.612844196203,3828.2228044172557,1607.9839178485884,857.4999561905868,1611.0709176908745,18532.632053173438,3098.6618416903043,1322.607932428361,1008.0769484976538,466.8229761501554,3362.428828214529,187849.08540284706,7315.160626270657,751.5129616054302,10521.5244624585,48454.92152445272,5722.6117076334995,3150.4548390442155,3738.6998089909584,1780.8559090166107,3209.1078360476517,1439.570926452757,439.3829775520567,3180.6388375021243,2552.605869588139,6292.334678526526,3552.1078185238866,1499.595923386098,6882.294648385649,9598.168509632476,8322.208574820883,2417.463876492502,9477.775515783318,6876.463648683553,5875.5896998179005,3998.350795725468,10670.043454870709,1579.1719193205845,3201.904836415651,3476.990822361591,1823.0449068611874,3415.5938254983453,1882.383903829576,9656.821506635912,2905.8958515386603,10398.044468767055,8280.362576958782,2815.6868561474107,8370.914572332507,18989.851029814257,10011.140488533862,12725.299349868308,7979.2085923446475,1189.8669392100583,5343.939726979736,1819.6149070364252,5420.771723054413,3666.669812670949,1352.1059309213172,6099.225688392406,11457.91441461862,9527.853513224847,2185.5958883385674,8897.076545451051,6526.94666654027,5898.2276986613315,3931.465799142602,11651.023404752741,1385.376929221512,3175.836837747457,3728.409809516671,1668.0089147819294,3272.9058327882317,2085.782893437983,9721.64850332392,2854.7888541497014,10317.096472902664,9056.228537320025,1648.4579157807839,7723.673605399853,20615.670946751612,9520.650513592847,12089.720382339845,8345.532573629267,841.72195699668,5664.6447105950165,363288.43143970397,622.8879681768423,455.16097674596347,10691.652453766712,8508.457565305478,66843.49358498614,66380.7866086257,47289.75058398095,47595.70656834976,45525.70167410568,48101.974542484684,20787.856937954683,20547.756950221315,5343.939726979736,5664.6447105950165,57975.91503802804,58976.44598691122,187387.06442645157,188304.24637959304,7731.21960501433,8066.673587876087,196482.39496177388,196799.32694558197,940966.9439262834,393281.7219073558,375691.3108060446,133224.28019361183,94885.45715233071,93627.67621659036,41335.613888176,11008.584437574753,11903.814391837725,6200.067683240419,7566.922613408215,3388.839826865199,6307.769677737956,2762.178858881118,906.2059537022121,6543.067665716653,19200.11001907219,116952.36102493925,21582.587897352118,95369.77312758715,14291.09426987232,1506.798923018099,15797.893192890417,1078.0489449228057,0.8071382647352411,0.01750951604132679,OAS2_0145_MR1_mpr-4
164,1314285.037853575,15502282.430993082,177559.4289285425,10062.590485905297,1016.6519480595597,10332.87447209657,45451.27067790834,6169.540684800034,3143.594839394691,4142.06778838301,1807.2669076672805,1547.9589209152473,1309.9169330767404,17451.496108408344,3293.828831719282,1133.6149420839556,1197.0699388420592,398.2229796549085,3490.024821695688,177919.2359101601,8402.470570720321,1068.7879453959474,9547.747512208469,45707.49166481808,5941.102696470861,3264.673833208802,4084.4437913270026,1957.8438999743476,3230.0308349787024,1205.987938386441,434.9239777798656,3478.7058222739724,2244.59188532448,4209.6387849308285,3342.191829248431,1190.895939157487,5262.648731132869,10434.745466892013,10302.690473638662,2088.526893297793,10993.149438363322,6080.7036893386885,6080.7036893386885,3243.064834312799,10674.5024546429,1618.2739173228754,3851.5468032256395,3409.419825813773,1327.7529321655045,3135.3628398152614,1851.513905406715,9383.107520619877,2601.6548670822403,11137.20943100334,7297.667627164369,2324.167881258966,8116.408585335142,21677.94189248051,7333.339625341898,12621.713355160484,6717.311656814581,925.070952738405,5410.13872359765,1516.7459225099099,4706.645759538893,2969.0078483142875,1255.0369358805428,5833.7437019558,11512.794411814817,8402.127570737845,2417.463876492502,10946.158440764078,6362.99267491663,5738.732706809883,2888.7458524148487,10737.27145143605,1339.7579315521727,3155.256838798883,3637.171814177993,1479.3589244200002,3383.6948271280553,2537.8568703416604,8882.67054618705,2454.850874582412,11008.92743755723,8185.351581812864,2062.4588946295994,6831.873650961643,22406.81685524251,7290.4646275323685,11622.211406224736,6379.799674057966,600.9359692983631,5208.111733919148,386563.3812505938,780.6679601159102,547.4279720320706,9258.94152696348,8451.519568214424,66189.04961842149,65861.48463515668,47023.23959759692,44227.10374045065,41166.17189683273,42251.08084140507,22267.558862357153,22191.75586622991,5410.13872359765,5208.111733919148,55784.14515000491,55255.23917702655,178340.09688865842,178466.66388219217,11079.242433964857,9471.258516116268,191315.10022576945,188191.05638537588,903116.2098600662,379506.15661114536,356806.7607708506,132050.53425357817,91250.34333804756,83417.2527382378,44459.314728587065,10618.250457516799,12110.643381270895,6408.2686726034935,8226.511579710013,3765.110807641628,6523.859666697985,2339.6028804703965,833.1469574347741,6968.73064396966,17710.461095177903,111039.38432703147,19880.62198430504,91158.76234272642,18465.06105662562,2085.439893455507,20550.500950081125,1328.0959321479809,0.7577602767747813,0.009779179810725526,OAS2_0147_MR1_mpr-4
215,1203714.1915026063,15612853.277344052,156280.73901566435,5944.532696295623,731.6189626218086,9039.078538196212,38519.92703202859,5739.075706792359,3608.359815649989,4666.171761606697,1711.226912573935,1089.7109443269976,1476.6149245601903,14820.000242850672,2811.2278563752197,1092.4549441868076,1038.2609469555625,461.6779764130119,3030.0618451950572,158744.8508897736,7477.05661799944,838.2919571719176,9079.209536145932,40020.55195536211,5515.439718217854,3880.358801753643,4342.722778131608,1800.7499080002322,2900.407851819041,1275.959934811593,519.9879734339718,3002.964846579435,2680.544863051774,3959.5917977056533,3640.258814020279,1203.9299384915837,5489.37171954966,9282.60852575434,8262.526577870018,1948.239900465013,8094.799586439139,6476.182669133787,4676.80476106346,3575.4318173322704,8948.18354284001,1672.1249145716442,3726.69480960429,3582.9778169467477,1367.5409301327477,3317.495830510142,1618.9599172878277,8024.48459003151,2663.7378639104386,10216.25447805465,6869.603649034028,2662.365863980534,8497.48156586624,16918.1311356578,8213.820580358391,13036.057333991776,7366.267623659616,1026.5989475513704,5233.150732639913,1690.989913607837,3272.562832805755,2869.5378533961793,1375.4299297297011,5115.844738633041,10824.393446985016,8192.897581427342,1797.662908157946,8232.342579412109,7021.5526412710005,5135.738737616663,3450.579823710921,8643.256558418638,1361.3669304481755,3554.165818418744,3040.008844686868,1611.0709176908745,2670.5978635599636,2218.8668866387625,7980.237592292076,2544.373870008709,9942.540492038615,7069.572638817674,1654.28891548288,9073.03553646136,19726.271992190734,8211.076580498582,11636.274405506263,7301.440626971608,669.8789657760864,4973.84274588788,358362.2656913803,3741.7868088332443,3036.921844844582,9954.88849140776,7687.315607257373,61637.78285094433,63362.38676283484,43542.47577542809,41171.31689656988,39756.784968837885,41386.72088556496,18030.823078810703,18456.486057063714,5233.150732639913,4973.84274588788,47559.0055702248,49099.76149150805,160022.5258244976,161781.7727346182,6676.151658917432,8315.348575171358,178155.90589806868,177038.06895517863,826755.8387612946,355193.9748532473,321804.2985591158,125000.16961377917,84713.79267199797,81143.50585440284,36487.30913587441,10206.993478527793,11254.515425010213,7488.718617403632,9008.894539738305,3511.976820574167,5711.635708194261,2368.4148789984006,981.6659498469837,6033.026691774492,17642.204098665134,96658.76706173285,18118.288074342145,78540.4789873907,13421.589314295063,1569.9109197937262,14991.50023408879,6778.708653677826,0.7846369312019867,0.015613740091280338,OAS2_0159_MR1_mpr-4
149,1694977.9744040882,15121589.49444257,238121.90683442383,32261.549351767208,1297.9119336900721,10883.04644398845,42475.05982996205,7178.30363326264,4065.921792273286,5063.708741296653,2033.6468961015955,2408.202876965644,2628.7518656978627,20080.933974071162,3424.8548250252034,1422.4209273289453,1411.787927872182,441.0979774644378,3379.9218273208166,236891.90889726407,22046.323873659985,1465.638925120951,9979.584490146048,41556.162876908216,6958.440644495373,4085.4727912744315,5023.577743346934,2216.1228867789523,3526.725819820645,1775.710909279467,444.5279772892002,3410.4488257612015,2364.641879191162,9287.410525509007,5414.940723352317,1576.4279194607748,7717.499605715281,10979.772439046748,9238.01852803243,2706.2698617374917,13083.04833159102,7710.982606048232,6493.332668257599,4241.880783283595,11878.089393152008,1624.4479170074476,4395.887775415424,4427.100773820761,1626.505916902305,5323.702728013639,2422.608876229646,11281.612423625835,3080.1398426365877,14193.339274866592,10055.04448629082,3125.4158403234505,9171.819531414516,22703.854840066928,9611.545508949048,15137.618226623666,10020.744488043198,1385.0339292390356,6647.682660371905,1880.668903917195,8146.249583810574,4381.138776168946,1530.122921826483,6614.068662089234,12891.654341369282,8380.175571859367,3077.738842759254,12095.55138204194,7255.478629319792,7058.93963936091,4273.093781688932,12850.494343472134,1296.8829337426434,3625.1668147913247,4023.7327944287094,1980.1388988353028,3020.800845668199,2726.8498606860658,10535.24446175755,2904.866851591232,12896.456341123949,11346.439420313844,2291.2398829412477,11708.647401808748,25309.968706921358,10085.228484748728,12894.39834122909,9221.211528891094,728.5319627795225,6850.738649997836,518438.2995131442,3401.8738261992958,2369.7868789283057,11276.467423888693,10154.514481208927,83082.484755341,82239.7337983969,53404.41127158479,49597.11146609859,51948.71934595565,54079.77823708051,27413.93059943058,26262.479658257864,6647.682660371905,6850.738649997836,53358.1062739505,51535.74736705427,241523.78066062313,239261.69577619238,33559.46128545728,23511.962798780936,233773.69605657263,229184.35629104063,1113019.50813617,462958.05234761327,480785.4764368155,165322.2185537379,103001.52273768338,106028.49758303617,53676.41025768845,13498.42131036974,14136.744277758013,8151.394583547717,10087.286484643588,4249.769782880548,6951.580644845848,3198.1318366084124,885.625954753638,6790.370653082018,21430.981905097622,104893.85364100477,20862.630934134497,84031.22270687026,54307.87322542719,2763.5508588110233,57071.42408423821,5771.660705127601,0.7158018304627323,0.014654364237430302,OAS2_0161_MR1_mpr-4
295,1446004.5771240639,15370562.891722593,162440.33270097256,19846.664986039894,1800.406908017756,10133.591482277878,46604.77961897591,6078.302689461355,3225.914835188987,4393.143775555614,1450.8899258744727,2159.87088965285,2456.5658744947928,18365.59106170751,2981.0128477009557,1249.8919361433993,1542.8139211781038,425.6629782530073,3375.805827531102,166570.73848995139,13749.840297524821,1478.3299244725715,9644.473507266768,46272.75563593892,6113.974687638884,3304.804831158521,4415.781774399045,1523.2629221769582,3294.171831701758,1532.5239217038165,458.24797658824957,3355.568828565004,2777.6138580925485,5126.134738107327,3576.8038172621755,1328.438932130457,7875.965597619301,11707.961401843795,8246.405578693635,2385.564878122212,9974.78249039138,6955.696644635564,5454.385721337084,3981.5437965841325,11797.484397270093,1476.2719245777141,4271.035781794075,2662.0228639980573,1661.4919151148808,3909.8568002465995,1434.0829267331374,10698.855453398714,3107.23684125221,10604.187458235272,7870.477597899681,3230.7168349436547,9253.110527261384,20245.91696564223,7998.07359138084,15406.187212902558,8227.540579657441,1266.0129353197822,6117.404687463646,1795.6049082630886,5086.346740140084,3678.674812057617,1337.6999316573153,6494.7046681875045,12897.1423410889,9992.961489462621,1996.9458979766384,9784.417500117072,6689.185658251529,5991.180693912392,3858.063802892688,11935.713390208015,1631.9939166219247,3733.2118092713386,3457.782823342922,1700.5939131171717,3767.168807536486,1713.2849124687923,10451.209466050872,3124.0438403935455,11718.59440130056,9056.228537320025,2271.688883940102,9266.830526560432,23464.628801199215,8926.231543961532,12843.291343840132,7332.310625394469,804.6779588892466,6226.135681908612,489864.6859729614,1271.8439350218782,964.515950723172,11501.132412410625,9188.283530573375,68670.99749161952,72742.40728361243,51627.67136235789,49867.73845227234,46502.90862418047,48663.1225138158,20440.054955723775,21167.55791855587,6117.404687463646,6226.135681908612,56738.37110125379,55917.22914320569,163712.17663599443,167535.25444067456,21647.071894057648,15228.170221997392,204860.16953375595,207855.2453807384,913105.3983497217,412715.4149144944,331247.431076669,141413.40477523196,101495.40981463023,95166.03113799627,41607.61287427964,12343.540369372258,12192.27737710024,6530.719666347508,8808.92554995466,2974.1528480514307,6275.184679402713,2782.415857847216,883.9109548412569,6731.374656096106,20689.415942984,112655.60024445948,19778.064989544648,92877.53525491484,33596.505283564715,3278.7368324903273,36875.242116055044,2236.35988574505,0.6568488608750329,0.0499043454495764,OAS2_0165_MR1_mpr-4
383,1405041.1182168745,15411526.350629782,188592.70936485555,17559.884102870834,1148.0209413479574,10752.020450682528,48462.81052404967,5743.1917065820735,2862.677853746655,4097.4777906611,1717.400912258507,2176.6778887941855,2602.3408670471927,17252.213118589654,3043.4388445116306,1284.8779343559752,1155.5669409624347,409.5419790766242,3192.3008369063164,187028.28644478144,18885.579035141483,1228.6259372298728,10545.19146124936,50892.27939992885,5197.135734479908,2851.358854324939,4015.157794866803,1698.192913239838,2910.3548513108512,1430.3099269258987,386.2179802682403,3250.6108339272764,2640.756865084531,6216.874682381754,3345.9648290556693,1205.987938386441,5356.630726331357,8370.571572350033,9428.383518306739,2167.416889267327,9755.948501571544,7173.501633507973,4799.598754789952,3280.1088324202324,8602.782560486443,1442.6579262950431,3766.482807571533,4092.332790923956,1645.3709159384978,3437.8888243593005,1154.537941015006,8429.224569353468,2506.9868719187994,11979.274387982498,6648.7116603193335,2827.691855534079,7645.469609395272,20428.392956319585,7900.6615963575905,13749.840297524821,7685.600607344991,1101.3729437311897,5736.674706915025,2202.7458874623794,4763.583756629948,2934.707850066664,1201.8719385967263,5911.261697995429,10537.988461617359,7600.879611673361,2005.5208975385442,9220.182528943666,7013.6636416740475,4686.751760555271,3519.5228201886443,9602.627509404667,1314.7189328314075,3761.33780783439,3522.9528200134064,2035.0188960315004,3413.878825585964,1389.835928993703,7192.709632526642,2626.350865820529,11265.834424431929,6503.622667731886,2757.3768591264507,9188.969530538328,20750.126939882295,8183.636581900484,12337.709369670161,6833.9316508565,637.2939674408441,5331.591727610592,433400.0288577237,2264.4858843081015,2232.2438859553354,10142.852481804737,9591.994509947905,69665.6974408006,69234.88946281045,45215.972689929644,42947.02780584935,39034.77000572541,39251.88899463287,19056.05002643217,18231.478068559303,5736.674706915025,5331.591727610592,59214.830974732206,61437.47086117821,190857.19524916363,189260.53033073677,18707.90504421879,20114.204972371357,188852.0173516076,184588.87056941047,926884.3936457569,373440.88792101806,380117.72557990043,138900.58690361105,88163.000495779,78286.65900035828,37287.528094991474,11068.266434525616,10940.327441061982,5714.036708071593,8112.6355855279035,3415.593825498345,5953.793695822482,2715.1878612818737,795.7599593448645,6442.911670833593,19734.84699175264,120652.30183591042,21297.21191193189,99355.08992397852,36445.46313801232,2376.64687857783,38822.110016590144,4496.729770263437,0.7146310588304227,0.022352805622767646,OAS2_0169_MR1_mpr-4
192,1713474.9344590842,15103092.534387574,227580.8313729642,30363.7304487262,2283.3508833442943,12816.537345206985,51136.49538745193,7988.469591871506,3739.728808938387,5211.54173374391,2074.120894033791,3560.3398181033162,4266.91978200436,25430.361700770518,3754.820808167341,1596.6649184268724,1919.4279019370094,512.0989738370184,4243.595783195976,223745.40556891495,33591.70328381004,1916.3409020947233,12427.918365061412,51290.15937960128,7454.418619156008,4048.085793184522,5179.64273537362,2231.557885990383,3957.876797793272,1895.760903146149,534.0509727154974,4168.135787051204,2808.4838565154096,6435.022671236639,4634.95876320136,1722.2029120131745,6175.714684484606,10554.109460793741,9864.336496034033,2404.7728771408815,11451.054414969096,7485.974617543822,6676.494658899908,4120.115789504531,12233.437374997387,1843.6249058097615,4495.357770333532,3849.488803330782,1776.7399092268956,3871.7838021917373,1818.24290710652,10883.732443953404,3247.52383408499,14482.145260111582,9163.930531817563,2901.4368517664693,10600.071458445556,22107.377870540757,12281.45737254406,14365.525266069662,9500.070514644272,979.26494996965,5702.374708667402,2524.8228710075637,5228.691732867722,4175.681786665681,1520.1759223346721,7467.109618507629,12376.468367689977,8612.0435600133,2162.957889495136,11516.910411604533,7627.290610324031,7116.220636434441,4185.628786157492,12192.27737710024,1861.803904881002,4117.714789627197,3611.446815492275,1862.4899048459545,3078.7678427066826,2485.720873005273,10653.236455729373,2845.8708546053194,13681.58330101205,9318.280523931868,2866.7938535363696,10988.690438591131,23322.626808454053,11681.893403175602,13957.012286940466,9473.316516011126,755.2859614126688,5625.199712610249,528381.8690051303,2384.1928781923075,2457.937874424698,11362.217419507751,10400.445468644388,79224.07795246583,77704.93103007859,52535.592315972484,52219.3463321294,52383.300323753036,53503.19526653795,24580.750744176887,25294.53370770993,5702.374708667402,5625.199712610249,63953.03273265891,63718.077744662696,229965.02425115652,226203.34344333966,32647.081332070495,35508.044185904764,225788.31346454337,224747.6515177105,1107191.2524339345,450535.96498225385,456168.3676944962,156929.00898254442,104754.93864810187,105886.49559029099,49875.284451886815,11327.574421277652,15442.888211027515,7787.8146021229095,10391.18446911753,4305.678780024175,7712.697605960613,3492.4258215730215,1046.1499465525158,8411.731570247179,21762.66288815214,127671.1104773216,25244.455710268398,102426.6547670532,63955.43373253624,4199.691785439018,68155.12551797526,4842.130752617006,0.6478090910617891,0.026327492662100875,OAS2_0175_MR1_mpr-4
380,1442161.9483203825,15374405.520526275,203882.2765837162,12085.261382567653,850.2969565585859,12413.51236579741,53629.4192600892,6454.230670255309,2376.64687857783,4337.2347784119875,1739.0099111545098,1849.4559055118575,2011.6948972231164,19891.254983761803,3596.0118162808444,1380.9179294493208,1301.6849334973108,390.6769800404313,3859.778802805069,202651.93564657393,9545.689512313611,762.831961027146,11904.500391802678,53991.28424160163,6299.537678158526,2430.4978758265993,4259.373782389883,1897.1329030760542,3705.7718106732395,1575.0559195308697,435.2669777623418,3729.4388094641,2425.6958760719317,5394.017724421267,4020.9887945688993,1374.7439297647486,6828.44365113688,9666.425506145246,8840.82454832495,2797.164857093694,8649.087558120735,6544.782665629034,5881.07769953752,3987.7177962687047,10583.950459269174,1819.9579070189013,3470.1308227120667,4492.2707704912455,1714.6569123986972,4236.735783546451,2181.8228885313288,8896.3905454861,2848.614854465129,10900.196443112263,8557.50656279958,2588.277867765667,8536.58356386853,19027.92402786912,10624.767457183845,14383.361265158426,9910.984493650802,997.1009490584142,5442.723721932893,1856.6589051438584,6072.471689759259,3177.5518376598384,1425.5079271712314,6284.445678929572,10761.96745017434,8594.89356088949,2664.0808638929147,8714.257554791218,6956.039644618039,5888.280699169521,3572.6878174724607,11687.724402877697,1636.1099164116395,3284.224832209947,4212.382784790639,1598.3799183392537,2898.006851941707,1980.4818988177792,8588.719561204916,2945.3408495234276,11026.420436663517,8974.251541508205,1921.4859018318668,9027.073538809545,20159.823970040696,10171.321480350263,13997.143284890186,10122.615482838639,973.0909502850778,5440.322722055558,411237.42799000425,845.8379567863948,602.3079692282681,10659.753455396421,9387.566520392067,68305.01651031738,68807.51148464506,49805.31245546165,49879.74345165901,47656.074565265575,48618.87551607636,20732.976940758483,19760.571990438355,5442.723721932893,5440.322722055558,66042.93162588662,65895.78463340431,204728.11454050257,203254.2436158022,12935.558339126239,10308.521473340757,202601.85764913238,201894.5916852664,1002517.604781679,404496.4493343988,407982.3581563048,137112.52799496244,99685.05590712067,96274.95008134193,40493.54893119684,10883.04644398845,12753.768348413836,4807.1447544044295,8596.60856080187,3636.142814230564,7301.783626954084,2955.9738489801903,825.9439578027732,7589.217612269169,20047.319975788487,131938.71625929093,24318.01275760009,107620.70350169082,21630.950894881265,1613.1289175857319,23244.079812466996,1448.145926014663,0.8190270809498639,0.015031942878617066,OAS2_0177_MR1_mpr-4
10,1466507.4010765806,15350060.067770077,197464.74691158583,23092.816820194977,1512.286922737719,11158.818429899344,44104.65274670664,7004.402642147189,4383.882776028756,4842.4737525994815,1889.9299034440533,1544.8719210729612,1801.4359079651847,20862.287934152024,3167.2618381855514,1346.6179312016975,1475.2429246302854,462.02097639548816,3634.0848143357066,193242.76012728587,22114.92387015523,1348.675931096555,10800.726448194155,43765.082764055165,6823.298651399737,4536.174768248204,4569.445766548399,2036.047895978929,3369.6318278465296,1521.8909222470534,442.812977376819,3357.283828477385,2307.0178821351547,4830.811753195289,3503.058821029785,1252.9789359856854,5247.556731903915,10812.388447598347,8336.271574102408,2353.3228797694464,8800.69355037523,6444.96967072845,5944.189696313148,3566.8568177703646,9195.1435302229,1570.5969197586787,3745.216808658007,3794.9518061170606,1333.2409318851244,3502.3728210648324,1492.049923771621,9767.953500958212,2660.6508640681527,11607.119406995782,8405.214570580132,3011.1968461588644,9146.437532711274,21367.526908339518,9338.860522880443,12566.833357964288,10174.065480210074,1440.9429263826619,5880.734699555044,1487.9339239819062,4357.471777378086,3574.402817384842,1068.7879453959474,5486.62771968985,11137.20943100334,7277.087628215795,2418.492876439931,10402.503468539246,6683.354658549433,5202.623734199528,3530.1558196454075,9591.994509947903,1390.8649289411317,2842.440854780557,2691.86386247349,1639.1969162539256,3287.3118320522335,1642.9699160611642,9163.24453185261,2432.21287573898,12767.488347712884,9436.272517903693,1981.1678987827315,9230.815528400428,23827.865782641547,9257.569527033575,11986.477387614497,8499.19656577862,843.0939569265848,5607.363713521485,437226.87966221105,8182.264581970579,9274.37652617491,10332.188472131618,8319.807574943548,69339.50445746571,70857.96537988799,44124.20374570778,42536.4568268253,48498.48252222721,47493.492573571835,19739.991991489784,20822.49993618478,5880.734699555044,5607.363713521485,55263.471176605985,54565.80921224932,205647.0114935564,202517.1366534608,24605.103742932697,23463.599801251785,197915.10588857712,195637.5860049349,976390.2671165167,393552.69189351203,408164.14814701723,140197.46983735368,86660.66057253309,95991.97509579905,40562.491927674564,11488.098413076528,13827.701293546925,8920.057544276959,9411.91951914788,3925.9777994229826,6536.8936660320815,2868.508853448751,904.8339537723072,6991.368642813091,18651.99604707517,109829.2803888553,21959.544878093497,87869.7355107618,45207.74069035021,2860.962853834274,48068.70354418448,17456.64110814549,0.6954958512223285,0.03095812782033788,OAS2_0178_MR1_mpr-4
17,1531620.4597499743,15284947.009096684,211757.21318138807,31218.486405056978,1474.8999246478093,10930.037441587694,47118.93659270779,6729.659656183725,3190.242837011459,4239.822783388737,1718.0869122234596,1931.7759013061539,2092.9858930699843,18937.71503247787,2734.738860283019,1034.8309471308,1398.410928555609,435.9529777272943,3469.444822747114,205393.87750648896,46550.928621727144,1967.4478994836822,10537.988461617359,48566.739518739974,6487.158668573027,3183.039837379458,4181.512786367777,1906.0509026204363,2668.539863665106,1110.9769432405242,366.32398128461864,3328.4718299493816,3467.0438228697803,5921.20869748724,3439.603824271682,1208.731938246251,6918.65264652813,10577.776459584602,9436.958517868645,2281.9788834143897,9961.748491057284,6473.781669256454,6629.846661283141,4199.005785474065,10726.981451961765,1845.6829057046189,3864.23780257726,3466.0148229223514,1559.277920336963,3521.5808200835017,1600.7809182165875,9227.385528575665,3301.374831333759,12084.918382585178,8353.764573208697,3035.549844914677,10188.1284794916,22838.31083319761,10294.458474059233,13890.813290322552,7304.870626796371,777.2379602911478,5600.160713889484,2222.9828864284773,5965.455695226674,2883.943852660181,1014.250948182226,6699.13265774334,8929.318543803818,7550.801614231831,1969.5058993785397,8991.401540632016,7205.400631878262,6376.0266742507265,4120.458789487007,10449.49446613849,1541.784921230675,4410.293774679426,3686.5638116545706,2138.9478907217995,2902.8088516963744,1926.9739015514865,9848.558496840127,2136.546890844466,11195.519428024301,7323.7356258325635,2266.886884185435,9633.497507827527,23790.135784569164,9063.431536952026,13045.318333518635,7390.963622397905,589.2739698941712,5373.780725455169,445567.2672361032,1364.4539302904616,1385.376929221512,12085.947382532606,8595.922560836918,74116.46521341223,75049.08216576511,48574.628518336925,44669.573717845,45758.25566222457,42556.00782582644,21631.979894828695,20178.345969094407,5600.160713889484,5373.780725455169,58048.97403429548,59104.72798035733,213121.66711167854,206779.25443571046,32693.386329704786,48518.37652121083,207767.4373852245,196422.71296482306,999418.2569400237,404190.15035004757,419900.921547389,149165.54737917735,93244.20223618193,88314.26348805102,41810.325863923106,10973.941439344653,13216.818324756752,6373.282674390917,8421.335569756513,3624.137814843896,5403.278723948126,2145.807890371324,802.2769590119129,6797.9166526964955,20681.869943369522,117153.70201465281,21468.025903205053,95685.67611144777,77769.41502678412,3442.3478241314915,81211.7628509156,2749.8308595119734,0.6126257512364159,0.012251634609280726,OAS2_0182_MR1_mpr-4
172,1383050.0173403933,15433517.451506265,194791.74804814855,20866.060933959263,917.867953106404,11986.13438763202,50713.576409058725,6283.073678999667,3280.4518324027085,4366.389776922468,1955.0999001145378,1745.5269108215584,1354.8499307811271,18320.315064020648,3040.6948446518204,1129.1559423117646,1275.959934811593,391.70597998786,3625.1668147913247,195877.6859926683,21474.5429028721,1001.216948848129,11740.546400179037,50249.84043275086,5997.011693614488,3371.0038277764347,4344.780778026465,2032.6178961541668,3073.9658429520155,1308.2019331643592,417.4309786735776,3474.5898224842576,1998.3178979065433,5010.2007440303605,3706.4578106381923,1305.4579333045492,5270.537730729822,8601.753560539013,7549.08661431945,2154.7258899157064,10384.667469450482,5862.555700483804,5742.1627066346455,3326.7568300370003,9763.151501203545,1376.4589296771298,3455.038823483112,2755.6618592140694,1282.1339344961652,3059.5598436880136,1733.5219114348902,8418.93456987918,2349.2068799797316,9981.985490023382,7931.531594780451,2082.6958935956973,8644.285558366068,19444.326006595267,9646.531507161624,12176.156377923855,7800.162601492053,1149.3929412778625,4940.914747570161,1976.3658990280644,4386.283775906089,3213.5668358198427,1229.6549371773015,5540.1357169561425,10361.000470659621,8100.287586158759,1921.1429018493905,10386.72546934534,6314.972677369957,5428.660722651367,3146.3388392545007,10023.831487885484,1345.931931236745,3332.9308297215725,3480.76382216883,1915.997902112247,3561.3688180507447,1961.6168997815862,8031.00158969856,2641.7858650319595,9653.048506828673,8402.127570737845,1762.3339099628938,8052.610588594562,20008.560977768673,8878.554546397336,11864.369393852958,7092.210637661105,880.8239549989707,5347.369726804499,389547.4810981371,2024.042896592261,1924.572901674153,8584.946561397679,8301.628575872308,62822.504790417246,63852.876737775856,42760.0928153998,43367.20278438274,42398.91383385232,42764.89481515446,21566.80989815821,20990.569927598135,4940.914747570161,5347.369726804499,62699.71079669075,61990.3868329299,196815.79094474082,197802.25889434243,21783.928887065667,22475.75985172023,183074.18264679544,184624.54256758798,944866.510727056,367698.72521438345,394618.0498390832,126675.3815281931,86127.29559978255,85163.80864900678,42557.37982575635,10288.284474374661,12280.085372614154,6651.455660179143,8711.170554948932,3987.7177962687047,6114.660687603836,2437.357875476124,809.1369586614376,7099.756637275583,16886.57513726999,124690.09762962065,23726.680787811056,100963.41684180958,42340.60383683136,1919.084901954533,44259.6887387859,3948.615798266414,0.761222310571516,0.005441184719807083,OAS2_0183_MR1_mpr-4
93,1322361.3154409607,15494206.153405696,185464.89252465477,9605.714509246953,420.86097849834,13399.637315416585,57444.60806517236,6368.1376746537735,3529.126819697979,3714.003810252669,1647.4289158333552,1155.5669409624347,1664.578914957167,19766.059990157977,3353.1678286876704,1277.3319347414981,1026.9419475338466,472.3109758697752,3836.4548039966853,185175.05753946234,8328.382574505455,472.99697583472766,13210.301325089704,58683.867001859,6120.8346872884085,3608.7028156324654,3782.603806747916,1827.5039066333784,3191.614836941364,1395.666928695799,497.69297457301656,3666.669812670949,2327.2548811012525,5620.740712838058,3443.033824096444,1520.8619222996247,7403.997621732002,10728.010451909193,10002.22248898948,1842.5959058623328,8994.831540456778,7004.059642164712,6024.10869223011,3410.1058257787254,11674.347403561123,1747.5849107164158,3915.344799966219,4200.720785386447,1644.341915991069,2962.8338486297152,1626.8489168847811,8969.792541736013,3059.5598436880136,10750.305450770147,7585.7876124444065,2069.318894279124,9849.244496805079,20118.32097216107,8671.725556964166,14002.28828462733,8074.905587455517,1079.0779448702344,4144.8117882428205,1656.6899153602135,4349.9257777636085,2800.25185693598,1325.351932288171,6422.674671867495,12941.73233881081,8529.037564254051,1890.958903391482,8126.698584809429,7162.525634068733,6086.5346890407845,3439.946824254158,12614.167355546007,1818.9289070714726,3849.488803330782,3952.3887980736527,2381.105878350021,2950.828849243047,2110.821892158748,8828.476548955805,3052.3568440560125,10336.304471921332,8404.185570632702,1338.385931622268,8815.099549639232,22610.901844815868,8254.980578255541,14007.433284364473,7633.121610026127,859.5579560854442,4690.867760344986,329434.33316929964,560.8049713486438,546.7419720671181,9298.729524930723,7938.391594429975,69476.01845049123,69848.51643146043,52060.88034022538,50164.433437114276,44030.22175050929,46062.496646680986,20088.822973668113,19124.307022944944,4144.8117882428205,4690.867760344986,70844.24538058895,71894.1683269487,186025.6974960034,185721.79951152948,10026.575487745293,8801.379550340182,199099.48482806757,197829.0128929756,970251.9394301221,396928.4977210432,371747.49700753286,139324.53488195167,102225.31377733966,90092.71839719027,39213.12999661306,8835.679548587806,12488.972361942182,7137.829635330445,7496.607617000585,3474.9328224667333,6544.782665629034,2672.998863437297,970.0039504427917,7503.124616667634,17237.121119360698,142738.41370753763,26609.93864050629,116128.47506703137,17934.097083752407,893.8579543330677,18827.955038085474,1107.546943415762,0.8797067249247192,0.024684240867879015,OAS2_0186_MR1_mpr-4
